three,one,MW,lambdas,sigmas,q,HPS,M1,lambdas_0,lambdas_1
ARG,R,156.19,0.7708740805791242,0.6559999999999999,1,0.0,0.7249915947715212,0.7445729043233518,0.7708740805791242
ASP,D,115.09,0.054127631881017116,0.5579999999999999,-1,0.3783780000000001,0.0291821237763497,0.010010066405905,0.054127631881017116
ASN,N,114.1,0.403639998628778,0.568,0,0.432432,0.4383272997027284,0.4168671971028502,0.403639998628778
GLU,E,129.11,0.0313595001928698,0.5920000000000001,-1,0.459459,0.0061002816086497,0.0016624752289831,0.0313595001928698
LYS,K,128.17,0.2776363589756825,0.636,1,0.513514,0.0586171731586979,0.2118074663569749,0.2776363589756825
HIS,H,137.14,0.4591644735155512,0.608,0,0.513514,0.4651948082346978,0.4554993456010472,0.4591644735155512
GLN,Q,128.13,0.4009246891715182,0.602,0,0.513514,0.3268188050525212,0.3389140543332978,0.4009246891715182
SER,S,87.08,0.4594225751459707,0.518,0,0.594595,0.4648570130065605,0.3855463064368348,0.4594225751459707
CYS,C,103.14,0.5789725152616665,0.5479999999999999,0,0.594595,0.610362354303913,0.5864857572922296,0.5789725152616665
GLY,G,57.05,0.730813406798036,0.45,0,0.648649,0.7012713677972457,0.7401477603442919,0.730813406798036
THR,T,101.11,0.259627338692272,0.562,0,0.675676,0.5379777613307019,0.2980138526943499,0.259627338692272
ALA,A,71.07,0.2746079150179546,0.504,0,0.72973,0.0011162643859539,0.3357858864850101,0.2746079150179546
MET,M,131.2,0.5857375142104048,0.618,0,0.837838,0.7458993420826714,0.5279674732786299,0.5857375142104048
TYR,Y,163.18,0.9884780399603804,0.6459999999999999,0,0.864865,0.9950108229594324,0.9892737701270058,0.9884780399603804
VAL,V,99.13,0.2730887752669276,0.5860000000000001,0,0.891892,0.4185006852559869,0.2398715239355723,0.2730887752669276
TRP,W,186.22,0.9996252103821647,0.6779999999999999,0,0.945946,0.9844235478393932,0.9834108532198198,0.9996252103821647
LEU,L,113.16,0.6669765457333824,0.618,0,0.972973,0.5563020305733198,0.6104791941439095,0.6669765457333824
ILE,I,113.16,0.5398762686397611,0.618,0,0.972973,0.6075268330845265,0.5392912858398883,0.5398762686397611
PRO,P,97.12,0.2767524463099482,0.5559999999999999,0,1.0,0.3729641853599348,0.3351848320649502,0.2767524463099482
PHE,F,147.18,0.9043970103440715,0.636,0,1.0,0.9216959832175944,0.8665335837867414,0.9043970103440715
