three,one,MW,lambdas,sigmas,q,HPS,M1,lambdas_0,lambdas_1
ARG,R,156.19,0.7395991537472573,0.6559999999999999,1,0.0,0.7249915947715212,0.725745206841283,0.7395991537472573
ASP,D,115.09,0.0875387841537104,0.5579999999999999,-1,0.3783780000000001,0.0291821237763497,0.0996087979931816,0.0875387841537104
ASN,N,114.1,0.4554062567269621,0.568,0,0.432432,0.4383272997027284,0.5443664154383352,0.4554062567269621
GLU,E,129.11,0.001715425645910938,0.5920000000000001,-1,0.459459,0.0061002816086497,0.0027304491308928,0.001715425645910938
LYS,K,128.17,0.18875420391268036,0.636,1,0.513514,0.0586171731586979,0.1389756713908612,0.18875420391268036
HIS,H,137.14,0.48432828479437007,0.608,0,0.513514,0.4651948082346978,0.4682778358208287,0.48432828479437007
GLN,Q,128.13,0.4368127896569093,0.602,0,0.513514,0.3268188050525212,0.3710752547102003,0.4368127896569093
SER,S,87.08,0.39474047839613324,0.518,0,0.594595,0.4648570130065605,0.4266024099380614,0.39474047839613324
CYS,C,103.14,0.5805347963821152,0.5479999999999999,0,0.594595,0.610362354303913,0.5782746067380317,0.5805347963821152
GLY,G,57.05,0.7383132527494969,0.45,0,0.648649,0.7012713677972457,0.7065381997694414,0.7383132527494969
THR,T,101.11,0.3349693640898316,0.562,0,0.675676,0.5379777613307019,0.3275479490208209,0.3349693640898316
ALA,A,71.07,0.2650561326910638,0.504,0,0.72973,0.0011162643859539,0.3210139526879588,0.2650561326910638
MET,M,131.2,0.6074839748671885,0.618,0,0.837838,0.7458993420826714,0.529717063769024,0.6074839748671885
TYR,Y,163.18,0.9915807710427949,0.6459999999999999,0,0.864865,0.9950108229594324,0.979282756216905,0.9915807710427949
VAL,V,99.13,0.28402080205734387,0.5860000000000001,0,0.891892,0.4185006852559869,0.2700006268293497,0.28402080205734387
TRP,W,186.22,0.9887210558079439,0.6779999999999999,0,0.945946,0.9844235478393932,0.989766187011344,0.9887210558079439
LEU,L,113.16,0.577907291288146,0.618,0,0.972973,0.5563020305733198,0.5770192250537772,0.577907291288146
ILE,I,113.16,0.563462489730691,0.618,0,0.972973,0.6075268330845265,0.5683423339932959,0.563462489730691
PRO,P,97.12,0.43079409525456563,0.5559999999999999,0,1.0,0.3729641853599348,0.4616407081814748,0.43079409525456563
PHE,F,147.18,0.8986988434246329,0.636,0,1.0,0.9216959832175944,0.8947678772876384,0.8986988434246329
