three,one,MW,lambdas,sigmas,q,HPS,M1,lambdas_0,lambdas_1
ARG,R,156.19,0.6889768959888651,0.6559999999999999,1,0.0,0.7249915947715212,0.7249915947715212,0.6889768959888651
ASP,D,115.09,0.04818143032340483,0.5579999999999999,-1,0.3783780000000001,0.0291821237763497,0.0291821237763497,0.04818143032340483
ASN,N,114.1,0.3874473691913741,0.568,0,0.432432,0.4383272997027284,0.4383272997027284,0.3874473691913741
GLU,E,129.11,0.00037876130323025907,0.5920000000000001,-1,0.459459,0.0061002816086497,0.0061002816086497,0.00037876130323025907
LYS,K,128.17,0.1670435806491413,0.636,1,0.513514,0.0586171731586979,0.0586171731586979,0.1670435806491413
HIS,H,137.14,0.4058254713076551,0.608,0,0.513514,0.4651948082346978,0.4651948082346978,0.4058254713076551
GLN,Q,128.13,0.4348840791346866,0.602,0,0.513514,0.3268188050525212,0.3268188050525212,0.4348840791346866
SER,S,87.08,0.4313806592861084,0.518,0,0.594595,0.4648570130065605,0.4648570130065605,0.4313806592861084
CYS,C,103.14,0.5719881836296727,0.5479999999999999,0,0.594595,0.610362354303913,0.610362354303913,0.5719881836296727
GLY,G,57.05,0.7357307488676171,0.45,0,0.648649,0.7012713677972457,0.7012713677972457,0.7357307488676171
THR,T,101.11,0.3065561652659737,0.562,0,0.675676,0.5379777613307019,0.5379777613307019,0.3065561652659737
ALA,A,71.07,0.2498233537236159,0.504,0,0.72973,0.0011162643859539,0.0011162643859539,0.2498233537236159
MET,M,131.2,0.5503649761398753,0.618,0,0.837838,0.7458993420826714,0.7458993420826714,0.5503649761398753
TYR,Y,163.18,0.9788242454102548,0.6459999999999999,0,0.864865,0.9950108229594324,0.9950108229594324,0.9788242454102548
VAL,V,99.13,0.2670068273074539,0.5860000000000001,0,0.891892,0.4185006852559869,0.4185006852559869,0.2670068273074539
TRP,W,186.22,0.9947283167295782,0.6779999999999999,0,0.945946,0.9844235478393932,0.9844235478393932,0.9947283167295782
LEU,L,113.16,0.5976975479871682,0.618,0,0.972973,0.5563020305733198,0.5563020305733198,0.5976975479871682
ILE,I,113.16,0.5378818663077577,0.618,0,0.972973,0.6075268330845265,0.6075268330845265,0.5378818663077577
PRO,P,97.12,0.4360554200242742,0.5559999999999999,0,1.0,0.3729641853599348,0.3729641853599348,0.4360554200242742
PHE,F,147.18,0.8929709574040958,0.636,0,1.0,0.9216959832175944,0.9216959832175944,0.8929709574040958
