,one,lambdas,sigmas,MW,q,three,centile10,centile90,HPS,AVG,M1,Urry
ARG,R,0.0,0.6559999999999999,156.19,1,ARG,0.0,0.36992826398852224,0.0,0.1624648563109351,0.72499159,0.558824
ASP,D,0.378378,0.558,115.09,-1,ASP,0.02027072483006325,0.42770742134313283,0.378378,0.21411795059741476,0.02918212,0.294119
ASN,N,0.432432,0.568,114.1,0,ASN,0.0730135587537529,0.47314814814814826,0.432432,0.2615234258594544,0.4383273,0.588236
GLU,E,0.459459,0.592,129.11,-1,GLU,0.025384147847062652,0.4347679067682653,0.459459,0.23102965612392795,0.00610028,0.0
LYS,K,0.513514,0.636,128.17,1,LYS,0.0,0.48328186962841707,0.513514,0.19614672679127249,0.05861717,0.382354
HIS,H,0.513514,0.608,137.14,0,HIS,0.1439269406392694,0.6216377667990571,0.513514,0.3954899210665936,0.46519481,0.764707
GLN,Q,0.513514,0.602,128.13,0,GLN,0.048493591767157104,0.4720433886149708,0.513514,0.24996494836165814,0.32681881,0.558824
SER,S,0.594595,0.518,87.08,0,SER,0.11292007298745707,0.6652991433619244,0.594595,0.36804994136260305,0.46485701,0.588236
CYS,C,0.594595,0.548,103.14,0,CYS,0.4549764935213852,1.0,0.594595,0.7716331370092109,0.61036235,0.64706
GLY,G,0.648649,0.45,57.05,0,GLY,0.1240254237288136,0.7945377396251566,0.648649,0.4460934125565066,0.70127137,0.57353
THR,T,0.675676,0.562,101.11,0,THR,0.1755901395423654,0.6692422169004448,0.675676,0.4290725361926979,0.53797776,0.588236
ALA,A,0.72973,0.504,71.07,0,ALA,0.26637510714897994,0.8396825843328759,0.72973,0.5277779333452327,0.00111626,0.602942
MET,M,0.837838,0.618,131.2,0,MET,0.4820627828543427,0.9083069620253166,0.837838,0.7129857740193456,0.74589934,0.676471
TYR,Y,0.864865,0.646,163.18,0,TYR,0.3778821873114484,0.863,0.864865,0.6024365192606583,0.99501082,0.897059
VAL,V,0.891892,0.5860000000000001,99.13,0,VAL,0.4955282651072125,0.968824152542373,0.891892,0.7755049974715776,0.41850069,0.664707
TRP,W,0.945946,0.678,186.22,0,TRP,0.47989361702127664,1.0,0.945946,0.7529548896116689,0.98442355,1.0
LEU,L,0.972973,0.618,113.16,0,LEU,0.5747854498631901,0.9947069475571492,0.972973,0.798262685651724,0.55630203,0.720589
ILE,I,0.972973,0.618,113.16,0,ILE,0.6014265400669694,1.0,0.972973,0.8496953180760082,0.60752683,0.705883
PRO,P,1.0,0.5559999999999999,97.12,0,PRO,0.12126487710617978,0.793171458625526,1.0,0.4183319956401273,0.37296419,0.758824
PHE,F,1.0,0.636,147.18,0,PHE,0.5462624686565776,1.0,1.0,0.8072784452417858,0.92169598,0.82353
